{
    "code_design": {
        "acc": 0.9593023255813954,
        "rec_macro": 0.4881656804733728,
        "prec_macro": 0.49107142857142855,
        "fscore_macro": 0.48961424332344217,
        "rec_micro": 0.9593023255813954,
        "prec_micro": 0.9593023255813954,
        "fscore_micro": 0.9593023255813954,
        "rec_binary": 0.0,
        "prec_binary": 0.0,
        "fscore_binary": 0.0,
        "mcc": -0.02055855707018649,
        "auc": 0.4881656804733728
    },
    "code_style": {
        "acc": 0.9534883720930233,
        "rec_macro": 0.8957575757575758,
        "prec_macro": 0.8957575757575758,
        "fscore_macro": 0.8957575757575758,
        "rec_micro": 0.9534883720930233,
        "prec_micro": 0.9534883720930233,
        "fscore_micro": 0.9534883720930233,
        "rec_binary": 0.8181818181818182,
        "prec_binary": 0.8181818181818182,
        "fscore_binary": 0.8181818181818182,
        "mcc": 0.7915151515151515,
        "auc": 0.8957575757575759
    },
    "code_naming": {
        "acc": 0.9883720930232558,
        "rec_macro": 0.8,
        "prec_macro": 0.9940828402366864,
        "fscore_macro": 0.8720238095238095,
        "rec_micro": 0.9883720930232558,
        "prec_micro": 0.9883720930232558,
        "fscore_micro": 0.9883720930232558,
        "rec_binary": 0.6,
        "prec_binary": 1.0,
        "fscore_binary": 0.7499999999999999,
        "mcc": 0.7699996157687506,
        "auc": 0.8
    },
    "code_logic": {
        "acc": 0.8604651162790697,
        "rec_macro": 0.8661962086619621,
        "prec_macro": 0.858264518749154,
        "fscore_macro": 0.8592471358428804,
        "rec_micro": 0.8604651162790697,
        "prec_micro": 0.8604651162790697,
        "fscore_micro": 0.8604651162790697,
        "rec_binary": 0.8282828282828283,
        "prec_binary": 0.9213483146067416,
        "fscore_binary": 0.8723404255319148,
        "mcc": 0.7244173064306032,
        "auc": 0.8661962086619621
    },
    "code_io": {
        "acc": 0.9941860465116279,
        "rec_macro": 0.5,
        "prec_macro": 0.49709302325581395,
        "fscore_macro": 0.49854227405247814,
        "rec_micro": 0.9941860465116279,
        "prec_micro": 0.9941860465116279,
        "fscore_micro": 0.9941860465116279,
        "rec_binary": 0.0,
        "prec_binary": 0.0,
        "fscore_binary": 0.0,
        "mcc": 0.0,
        "auc": 0.5
    },
    "code_data": {
        "acc": 0.8081395348837209,
        "rec_macro": 0.772636815920398,
        "prec_macro": 0.822244623655914,
        "fscore_macro": 0.7844693373837098,
        "rec_micro": 0.8081395348837209,
        "prec_micro": 0.8081395348837209,
        "fscore_micro": 0.8081395348837209,
        "rec_binary": 0.6119402985074627,
        "prec_binary": 0.8541666666666666,
        "fscore_binary": 0.7130434782608694,
        "mcc": 0.5928094066089551,
        "auc": 0.772636815920398
    },
    "code_doc": {
        "acc": 1.0,
        "rec_macro": 1.0,
        "prec_macro": 1.0,
        "fscore_macro": 1.0,
        "rec_micro": 1.0,
        "prec_micro": 1.0,
        "fscore_micro": 1.0,
        "rec_binary": 0.0,
        "prec_binary": 0.0,
        "fscore_binary": 0.0,
        "mcc": 0.0,
        "auc": null
    },
    "code_api": {
        "acc": 0.8837209302325582,
        "rec_macro": 0.7676282051282051,
        "prec_macro": 0.6880630630630631,
        "fscore_macro": 0.7171052631578947,
        "rec_micro": 0.8837209302325582,
        "prec_micro": 0.8837209302325582,
        "fscore_micro": 0.8837209302325582,
        "rec_binary": 0.625,
        "prec_binary": 0.4166666666666667,
        "fscore_binary": 0.5,
        "mcc": 0.4486913416524995,
        "auc": 0.7676282051282052
    },
    "compatibility": {
        "acc": 0.9651162790697675,
        "rec_macro": 0.5940119760479042,
        "prec_macro": 0.6548323471400395,
        "fscore_macro": 0.6160714285714286,
        "rec_micro": 0.9651162790697675,
        "prec_micro": 0.9651162790697675,
        "fscore_micro": 0.9651162790697675,
        "rec_binary": 0.2,
        "prec_binary": 0.3333333333333333,
        "fscore_binary": 0.25,
        "mcc": 0.24129728478182405,
        "auc": 0.5940119760479042
    },
    "rule_def": {
        "acc": 1.0,
        "rec_macro": 1.0,
        "prec_macro": 1.0,
        "fscore_macro": 1.0,
        "rec_micro": 1.0,
        "prec_micro": 1.0,
        "fscore_micro": 1.0,
        "rec_binary": 1.0,
        "prec_binary": 1.0,
        "fscore_binary": 1.0,
        "mcc": 1.0,
        "auc": 1.0
    },
    "config_commit_patch_review": {
        "acc": 0.9883720930232558,
        "rec_macro": 0.4941860465116279,
        "prec_macro": 0.5,
        "fscore_macro": 0.49707602339181284,
        "rec_micro": 0.9883720930232558,
        "prec_micro": 0.9883720930232558,
        "fscore_micro": 0.9883720930232558,
        "rec_binary": 0.0,
        "prec_binary": 0.0,
        "fscore_binary": 0.0,
        "mcc": 0.0,
        "auc": null
    },
    "config_building_installing": {
        "acc": 0.9883720930232558,
        "rec_macro": 0.5,
        "prec_macro": 0.4941860465116279,
        "fscore_macro": 0.49707602339181284,
        "rec_micro": 0.9883720930232558,
        "prec_micro": 0.9883720930232558,
        "fscore_micro": 0.9883720930232558,
        "rec_binary": 0.0,
        "prec_binary": 0.0,
        "fscore_binary": 0.0,
        "mcc": 0.0,
        "auc": 0.5
    }
}