{
    "code_design": {
        "acc": 0.9217252396166135,
        "rec_macro": 0.5,
        "prec_macro": 0.46086261980830673,
        "fscore_macro": 0.4796342477140482,
        "rec_micro": 0.9217252396166135,
        "prec_micro": 0.9217252396166135,
        "fscore_micro": 0.9217252396166135,
        "rec_binary": 0.0,
        "prec_binary": 0.0,
        "fscore_binary": 0.0,
        "mcc": 0.0,
        "auc": 0.5
    },
    "code_style": {
        "acc": 0.9432907348242812,
        "rec_macro": 0.7573061394848579,
        "prec_macro": 0.8500742585069672,
        "fscore_macro": 0.7948388913379141,
        "rec_micro": 0.9432907348242812,
        "prec_micro": 0.9432907348242812,
        "fscore_micro": 0.9432907348242812,
        "rec_binary": 0.5321100917431193,
        "prec_binary": 0.7435897435897436,
        "fscore_binary": 0.6203208556149734,
        "mcc": 0.6002541328119346,
        "auc": 0.7573061394848579
    },
    "code_naming": {
        "acc": 0.9696485623003195,
        "rec_macro": 0.6709756221690671,
        "prec_macro": 0.8565465029893515,
        "fscore_macro": 0.7282986111111112,
        "rec_micro": 0.9696485623003195,
        "prec_micro": 0.9696485623003195,
        "fscore_micro": 0.9696485623003195,
        "rec_binary": 0.3469387755102041,
        "prec_binary": 0.7391304347826086,
        "fscore_binary": 0.4722222222222222,
        "mcc": 0.49380465846652166,
        "auc": 0.670975622169067
    },
    "code_logic": {
        "acc": 0.7667731629392971,
        "rec_macro": 0.7085613468496755,
        "prec_macro": 0.7917146713815852,
        "fscore_macro": 0.71949531499845,
        "rec_micro": 0.7667731629392971,
        "prec_micro": 0.7667731629392971,
        "fscore_micro": 0.7667731629392971,
        "rec_binary": 0.4734607218683652,
        "prec_binary": 0.8352059925093633,
        "fscore_binary": 0.6043360433604336,
        "mcc": 0.49331695595896125,
        "auc": 0.7085613468496756
    },
    "code_io": {
        "acc": 0.9856230031948882,
        "rec_macro": 0.5,
        "prec_macro": 0.4928115015974441,
        "fscore_macro": 0.49637972646822204,
        "rec_micro": 0.9856230031948882,
        "prec_micro": 0.9856230031948882,
        "fscore_micro": 0.9856230031948882,
        "rec_binary": 0.0,
        "prec_binary": 0.0,
        "fscore_binary": 0.0,
        "mcc": 0.0,
        "auc": 0.5
    },
    "code_data": {
        "acc": 0.7963258785942492,
        "rec_macro": 0.7530724413205371,
        "prec_macro": 0.7403842572475015,
        "fscore_macro": 0.7460658339000441,
        "rec_micro": 0.7963258785942492,
        "prec_micro": 0.7963258785942492,
        "fscore_micro": 0.7963258785942492,
        "rec_binary": 0.6606606606606606,
        "prec_binary": 0.6077348066298343,
        "fscore_binary": 0.6330935251798562,
        "mcc": 0.493293546832509,
        "auc": 0.7530724413205371
    },
    "code_doc": {
        "acc": 0.939297124600639,
        "rec_macro": 0.4995751911639762,
        "prec_macro": 0.47002398081534774,
        "fscore_macro": 0.4843492586490939,
        "rec_micro": 0.939297124600639,
        "prec_micro": 0.939297124600639,
        "fscore_micro": 0.939297124600639,
        "rec_binary": 0.0,
        "prec_binary": 0.0,
        "fscore_binary": 0.0,
        "mcc": -0.007136967932801412,
        "auc": 0.4995751911639762
    },
    "code_api": {
        "acc": 0.9265175718849841,
        "rec_macro": 0.6788770268394093,
        "prec_macro": 0.8369464976393993,
        "fscore_macro": 0.727442239070146,
        "rec_micro": 0.9265175718849841,
        "prec_micro": 0.9265175718849841,
        "fscore_micro": 0.9265175718849841,
        "rec_binary": 0.371900826446281,
        "prec_binary": 0.7377049180327869,
        "fscore_binary": 0.49450549450549447,
        "mcc": 0.49100707816359546,
        "auc": 0.6788770268394092
    },
    "compatibility": {
        "acc": 0.9832268370607029,
        "rec_macro": 0.6805608912792931,
        "prec_macro": 0.7138956310679612,
        "fscore_macro": 0.6957472660996354,
        "rec_micro": 0.9832268370607029,
        "prec_micro": 0.9832268370607029,
        "fscore_micro": 0.9832268370607029,
        "rec_binary": 0.3684210526315789,
        "prec_binary": 0.4375,
        "fscore_binary": 0.39999999999999997,
        "mcc": 0.393045472109159,
        "auc": 0.6805608912792931
    },
    "rule_def": {
        "acc": 0.9672523961661342,
        "rec_macro": 0.5456844980475888,
        "prec_macro": 0.8176832530765115,
        "fscore_macro": 0.5732823475622428,
        "rec_micro": 0.9672523961661342,
        "prec_micro": 0.9672523961661342,
        "fscore_micro": 0.9672523961661342,
        "rec_binary": 0.09302325581395349,
        "prec_binary": 0.6666666666666666,
        "fscore_binary": 0.16326530612244897,
        "mcc": 0.24094148629844184,
        "auc": 0.5456844980475888
    },
    "config_commit_patch_review": {
        "acc": 0.9744408945686901,
        "rec_macro": 0.6854854854854855,
        "prec_macro": 0.794990625110553,
        "fscore_macro": 0.7267866884888162,
        "rec_micro": 0.9744408945686901,
        "prec_micro": 0.9744408945686901,
        "fscore_micro": 0.9744408945686901,
        "rec_binary": 0.3783783783783784,
        "prec_binary": 0.6086956521739131,
        "fscore_binary": 0.4666666666666667,
        "mcc": 0.46783107768637067,
        "auc": 0.6854854854854856
    },
    "config_building_installing": {
        "acc": 0.9552715654952076,
        "rec_macro": 0.5254237288135594,
        "prec_macro": 0.977582065652522,
        "fscore_macro": 0.5369210853081821,
        "rec_micro": 0.9552715654952076,
        "prec_micro": 0.9552715654952076,
        "fscore_micro": 0.9552715654952076,
        "rec_binary": 0.05084745762711865,
        "prec_binary": 1.0,
        "fscore_binary": 0.0967741935483871,
        "mcc": 0.22038073348974227,
        "auc": 0.5254237288135594
    }
}