{
    "code_design": {
        "acc": 0.9543269230769231,
        "rec_macro": 0.5602914527333132,
        "prec_macro": 0.6044644317252658,
        "fscore_macro": 0.5752136292793035,
        "rec_micro": 0.9543269230769231,
        "prec_micro": 0.9543269230769231,
        "fscore_micro": 0.9543269230769231,
        "rec_binary": 0.13636363636363635,
        "prec_binary": 0.24,
        "fscore_binary": 0.17391304347826086,
        "mcc": 0.15872381481902811,
        "auc": 0.5602914527333132
    },
    "code_style": {
        "acc": 0.9599358974358975,
        "rec_macro": 0.7888313183649971,
        "prec_macro": 0.8858637132748808,
        "fscore_macro": 0.8290598290598291,
        "rec_micro": 0.9599358974358975,
        "prec_micro": 0.9599358974358975,
        "fscore_micro": 0.9599358974358975,
        "rec_binary": 0.5888888888888889,
        "prec_binary": 0.803030303030303,
        "fscore_binary": 0.6794871794871795,
        "mcc": 0.66768113651472,
        "auc": 0.7888313183649972
    },
    "code_naming": {
        "acc": 0.9719551282051282,
        "rec_macro": 0.622930463576159,
        "prec_macro": 0.8211678832116789,
        "fscore_macro": 0.6746489888644743,
        "rec_micro": 0.9719551282051282,
        "prec_micro": 0.9719551282051282,
        "fscore_micro": 0.9719551282051282,
        "rec_binary": 0.25,
        "prec_binary": 0.6666666666666666,
        "fscore_binary": 0.36363636363636365,
        "mcc": 0.3973981216311187,
        "auc": 0.6229304635761589
    },
    "code_logic": {
        "acc": 0.7732371794871795,
        "rec_macro": 0.7880357084715862,
        "prec_macro": 0.7540942513368984,
        "fscore_macro": 0.7586312706944449,
        "rec_micro": 0.7732371794871795,
        "prec_micro": 0.7732371794871795,
        "fscore_micro": 0.7732371794871794,
        "rec_binary": 0.8287153652392947,
        "prec_binary": 0.6047794117647058,
        "fscore_binary": 0.6992561105207227,
        "mcc": 0.5410664199611017,
        "auc": 0.7880357084715861
    },
    "code_io": {
        "acc": 0.9671474358974359,
        "rec_macro": 0.5,
        "prec_macro": 0.48357371794871795,
        "fscore_macro": 0.4916496945010183,
        "rec_micro": 0.9671474358974359,
        "prec_micro": 0.9671474358974359,
        "fscore_micro": 0.9671474358974359,
        "rec_binary": 0.0,
        "prec_binary": 0.0,
        "fscore_binary": 0.0,
        "mcc": 0.0,
        "auc": 0.5
    },
    "code_data": {
        "acc": 0.813301282051282,
        "rec_macro": 0.7837642979812709,
        "prec_macro": 0.8190729647093831,
        "fscore_macro": 0.793889347646573,
        "rec_micro": 0.813301282051282,
        "prec_micro": 0.813301282051282,
        "fscore_micro": 0.8133012820512822,
        "rec_binary": 0.6502057613168725,
        "prec_binary": 0.8337730870712401,
        "fscore_binary": 0.730635838150289,
        "mcc": 0.6018023457433873,
        "auc": 0.7837642979812709
    },
    "code_doc": {
        "acc": 0.9559294871794872,
        "rec_macro": 0.5170784641068448,
        "prec_macro": 0.591740651062685,
        "fscore_macro": 0.522613939060946,
        "rec_micro": 0.9559294871794872,
        "prec_micro": 0.9559294871794872,
        "fscore_micro": 0.9559294871794872,
        "rec_binary": 0.04,
        "prec_binary": 0.2222222222222222,
        "fscore_binary": 0.06779661016949154,
        "mcc": 0.07916538173501428,
        "auc": 0.5170784641068448
    },
    "code_api": {
        "acc": 0.9102564102564102,
        "rec_macro": 0.7122604422604423,
        "prec_macro": 0.8066193433895297,
        "fscore_macro": 0.7474688346883469,
        "rec_micro": 0.9102564102564102,
        "prec_micro": 0.9102564102564102,
        "fscore_micro": 0.9102564102564102,
        "rec_binary": 0.4527027027027027,
        "prec_binary": 0.6836734693877551,
        "fscore_binary": 0.5447154471544715,
        "mcc": 0.5102280173940588,
        "auc": 0.7122604422604423
    },
    "compatibility": {
        "acc": 0.9535256410256411,
        "rec_macro": 0.5084745762711864,
        "prec_macro": 0.9767441860465116,
        "fscore_macro": 0.5047619047619049,
        "rec_micro": 0.9535256410256411,
        "prec_micro": 0.9535256410256411,
        "fscore_micro": 0.9535256410256412,
        "rec_binary": 0.01694915254237288,
        "prec_binary": 1.0,
        "fscore_binary": 0.03333333333333333,
        "mcc": 0.12712521333702234,
        "auc": 0.5084745762711864
    },
    "rule_def": {
        "acc": 0.9767628205128205,
        "rec_macro": 0.5878234325031495,
        "prec_macro": 0.917290203752734,
        "fscore_macro": 0.6404351497690131,
        "rec_micro": 0.9767628205128205,
        "prec_micro": 0.9767628205128205,
        "fscore_micro": 0.9767628205128205,
        "rec_binary": 0.17647058823529413,
        "prec_binary": 0.8571428571428571,
        "fscore_binary": 0.29268292682926833,
        "mcc": 0.3828726056719323,
        "auc": 0.5878234325031496
    },
    "config_commit_patch_review": {
        "acc": 0.9615384615384616,
        "rec_macro": 0.6065573770491803,
        "prec_macro": 0.9805668016194332,
        "fscore_macro": 0.6657665096971455,
        "rec_micro": 0.9615384615384616,
        "prec_micro": 0.9615384615384616,
        "fscore_micro": 0.9615384615384616,
        "rec_binary": 0.21311475409836064,
        "prec_binary": 1.0,
        "fscore_binary": 0.3513513513513513,
        "mcc": 0.4525834193935106,
        "auc": 0.6065573770491803
    },
    "config_building_installing": {
        "acc": 0.9503205128205128,
        "rec_macro": 0.6134364885134602,
        "prec_macro": 0.6692262395477564,
        "fscore_macro": 0.6348535185744488,
        "rec_micro": 0.9503205128205128,
        "prec_micro": 0.9503205128205128,
        "fscore_micro": 0.9503205128205128,
        "rec_binary": 0.24528301886792453,
        "prec_binary": 0.37142857142857144,
        "fscore_binary": 0.29545454545454547,
        "mcc": 0.2771023664903289,
        "auc": 0.6134364885134601
    }
}